[{"_allAttributes":null,"_properties":null,"_methods":null,"file":"/usr/local/google/home/madhuritpl/SFDC-Material/sfdc-material/force-app/main/default/lwc/materialRecordEditForm/personal/force-app/main/default/lwc/tabTest/tabTest.js","metadata":{"decorators":[{"type":"track","targets":[{"name":"isRendered","type":"property"}]}],"classMembers":[{"name":"activeItemId","type":"property","value":{"type":"string","value":"component1-0"},"loc":{"start":{"line":4,"column":4},"end":{"line":4,"column":34}}},{"name":"isRendered","type":"property","value":{"type":"boolean","value":false},"decorator":"track","loc":{"start":{"line":5,"column":4},"end":{"line":6,"column":23}}},{"name":"renderedCallback","type":"method","loc":{"start":{"line":8,"column":0},"end":{"line":23,"column":5}}},{"name":"handleKeyDown","type":"method","loc":{"start":{"line":28,"column":4},"end":{"line":48,"column":5}}}],"declarationLoc":{"start":{"line":3,"column":0},"end":{"line":51,"column":5}},"doc":"","exports":[{"type":"ExportDefaultDeclaration"}]},"updatedAt":"2024-02-27T07:45:47.086Z"}]